,A,C,G,T
AAACGGG,0,0,0,1
AACCGCC,0,0,0,1
AACGCAG,1,0,0,0
AACGCCA,0,1,0,0
AGACGCC,0,0,0,1
AGACGCT,0,0,0,1
AGCCGGC,0,0,0,1
AGGCGAG,2,0,0,1
CACCGCC,0,0,0,1
CACGCCC,1,0,0,0
CACGGAC,1,0,0,0
CACGGAG,5,5,0,0
CCCCGCC,0,0,0,1
CCCCGCG,1,0,0,1
CCCGCCC,0,0,0,1
CCCGCGA,1,0,0,0
CCCGCTG,3,0,0,0
CCCGGAG,0,0,0,1
CCCGTAG,1,0,0,0
CCGCGCT,0,0,0,1
CCTCGGG,0,0,0,4
CGCGGCC,1,0,0,2
CGCGGGA,0,1,0,0
CGCGTCA,2,0,0,2
CTACGAA,0,0,0,1
CTCCGGA,0,0,0,2
CTCGAGT,0,3,0,0
CTCGGTC,0,0,0,1
CTTCGCC,0,0,0,1
GACCGCT,0,0,0,1
GCCCGCG,0,0,0,1
GCCCGGC,0,0,1,0
GCCCGGG,0,0,0,1
GGCCGCG,0,0,0,1
GGCCGGA,0,0,1,0
GTGCGAG,1,0,0,0
GTTCGGG,0,0,0,1
TATCGCT,0,0,1,1
TCCCGCC,0,0,0,3
TCCGATT,0,0,0,1
TGACGAA,0,0,0,1
TGGCGTG,0,0,0,1
TTACGTC,0,0,0,1
TTCGCCC,1,0,0,0
TTCGGTA,0,0,0,1
